{
  "CalendarComponent_3": {
    "AllowAccessToGlobals": true,
    "ControlPropertyState": [
      "Fill",
      "Height",
      "Width",
      "X",
      "Y",
      "ZIndex",
      {
        "AFDDataSourceName": "",
        "AutoRuleBindingEnabled": false,
        "AutoRuleBindingString": "",
        "InvariantPropertyName": "Color",
        "IsLockable": false,
        "NameMapSourceSchema": "?"
      },
      {
        "AFDDataSourceName": "",
        "AutoRuleBindingEnabled": false,
        "AutoRuleBindingString": "",
        "InvariantPropertyName": "SelectRange",
        "IsLockable": false,
        "NameMapSourceSchema": "?"
      },
      "BorderRadius",
      "SelectedDateColor",
      {
        "AFDDataSourceName": "",
        "AutoRuleBindingEnabled": false,
        "AutoRuleBindingString": "",
        "InvariantPropertyName": "SelectedDateFill",
        "IsLockable": false,
        "NameMapSourceSchema": "?"
      },
      "DefaultStartDate",
      "DefaultEndDate",
      {
        "AFDDataSourceName": "",
        "AutoRuleBindingEnabled": false,
        "AutoRuleBindingString": "Table(\n    {\n        Date: \"11/3/2020\",\n        Title: \"Meeting\",\n        Time: \"1:30pm\"\n    },\n     {\n        Date: \"11/3/2020\",\n        Title: \"Power Apps Training\",\n        Time: \"3:00pm\"\n    }\n    {\n        Date: \"11/26/2020\",\n        Title: \"Thanksgiving Day\",\n        Time: \"All Day\"\n    },\n     {\n        Date: \"11/27/2020\",\n        Title: \"Thanksgiving Day\",\n        Time: \"All Day\"\n    }\n)",
        "InvariantPropertyName": "CalendarItems",
        "IsLockable": false,
        "NameMapSourceSchema": "?"
      },
      "StartDate",
      "EndDate",
      {
        "AFDDataSourceName": "",
        "AutoRuleBindingEnabled": false,
        "AutoRuleBindingString": "",
        "InvariantPropertyName": "ShowLongWeekday",
        "IsLockable": false,
        "NameMapSourceSchema": "?"
      },
      {
        "AFDDataSourceName": "",
        "AutoRuleBindingEnabled": false,
        "AutoRuleBindingString": "",
        "InvariantPropertyName": "AllowSelectionOfWeekends",
        "IsLockable": false,
        "NameMapSourceSchema": "?"
      },
      "ShowCloseIcon",
      "ShowCalendar",
      "Visible",
      "OnReset",
      {
        "AFDDataSourceName": "",
        "AutoRuleBindingEnabled": false,
        "AutoRuleBindingString": "",
        "InvariantPropertyName": "ShowCalendarEvents",
        "IsLockable": false,
        "NameMapSourceSchema": "?"
      }
    ],
    "HasDynamicProperties": false,
    "IsAutoGenerated": false,
    "IsComponentDefinition": false,
    "IsDataControl": false,
    "IsFromScreenLayout": false,
    "IsGroupControl": false,
    "IsLocked": false,
    "LayoutName": "",
    "Metadata": {
      "AllowAccessToGlobals": false,
      "AllowCustomization": true,
      "Description": ""
    },
    "MetaDataIDKey": "",
    "Name": "CalendarComponent_3",
    "ParentIndex": 0,
    "PersistMetaDataIDKey": false,
    "Properties": [
      {
        "Category": "Data",
        "PropertyName": "ShowLongWeekday",
        "RuleProviderType": "Unknown"
      },
      {
        "Category": "Data",
        "PropertyName": "ShowCalendar",
        "RuleProviderType": "Unknown"
      },
      {
        "Category": "Data",
        "PropertyName": "StartDate",
        "RuleProviderType": "Unknown"
      },
      {
        "Category": "Data",
        "NameMap": "{\"Date\":\"Date\",\"Time\":\"Time\",\"Title\":\"Title\"}",
        "PropertyName": "CalendarItems",
        "RuleProviderType": "Unknown"
      },
      {
        "Category": "Data",
        "PropertyName": "DefaultEndDate",
        "RuleProviderType": "Unknown"
      },
      {
        "Category": "Data",
        "PropertyName": "DefaultStartDate",
        "RuleProviderType": "Unknown"
      },
      {
        "Category": "Data",
        "PropertyName": "SelectedDateFill",
        "RuleProviderType": "Unknown"
      },
      {
        "Category": "Data",
        "PropertyName": "SelectedDateColor",
        "RuleProviderType": "System"
      },
      {
        "Category": "Data",
        "PropertyName": "BorderRadius",
        "RuleProviderType": "System"
      },
      {
        "Category": "Data",
        "PropertyName": "SelectRange",
        "RuleProviderType": "System"
      },
      {
        "Category": "Data",
        "PropertyName": "Color",
        "RuleProviderType": "Unknown"
      },
      {
        "Category": "Data",
        "PropertyName": "AllowSelectionOfWeekends",
        "RuleProviderType": "Unknown"
      },
      {
        "Category": "Data",
        "PropertyName": "ShowCloseIcon",
        "RuleProviderType": "System"
      },
      {
        "Category": "Data",
        "PropertyName": "EndDate",
        "RuleProviderType": "Unknown"
      },
      {
        "Category": "Data",
        "PropertyName": "ShowCalendarEvents",
        "RuleProviderType": "Unknown"
      },
      {
        "Category": "Design",
        "PropertyName": "ZIndex",
        "RuleProviderType": "Unknown"
      },
      {
        "Category": "Design",
        "PropertyName": "Y",
        "RuleProviderType": "Unknown"
      },
      {
        "Category": "Design",
        "PropertyName": "X",
        "RuleProviderType": "Unknown"
      },
      {
        "Category": "Design",
        "PropertyName": "Width",
        "RuleProviderType": "Unknown"
      },
      {
        "Category": "Design",
        "PropertyName": "Height",
        "RuleProviderType": "Unknown"
      },
      {
        "Category": "Design",
        "PropertyName": "Fill",
        "RuleProviderType": "Unknown"
      },
      {
        "Category": "Design",
        "PropertyName": "Visible",
        "RuleProviderType": "Unknown"
      },
      {
        "Category": "Behavior",
        "PropertyName": "OnReset",
        "RuleProviderType": "System"
      }
    ],
    "StyleName": "",
    "Type": "ControlInfo"
  },
  "Screen1": {
    "AllowAccessToGlobals": true,
    "ControlPropertyState": [
      "Fill",
      "ImagePosition",
      "Height",
      "Width",
      "Size",
      "Orientation",
      "LoadingSpinner",
      "LoadingSpinnerColor"
    ],
    "IsAutoGenerated": false,
    "IsComponentDefinition": false,
    "IsDataControl": false,
    "IsFromScreenLayout": false,
    "IsGroupControl": false,
    "IsLocked": false,
    "LayoutName": "",
    "MetaDataIDKey": "",
    "Name": "Screen1",
    "ParentIndex": 0,
    "PersistMetaDataIDKey": false,
    "Properties": [
      {
        "Category": "Design",
        "PropertyName": "Fill",
        "RuleProviderType": "Unknown"
      },
      {
        "Category": "Design",
        "PropertyName": "ImagePosition",
        "RuleProviderType": "Unknown"
      },
      {
        "Category": "Design",
        "PropertyName": "Height",
        "RuleProviderType": "Unknown"
      },
      {
        "Category": "Design",
        "PropertyName": "Width",
        "RuleProviderType": "Unknown"
      },
      {
        "Category": "Design",
        "PropertyName": "Size",
        "RuleProviderType": "Unknown"
      },
      {
        "Category": "Design",
        "PropertyName": "Orientation",
        "RuleProviderType": "Unknown"
      },
      {
        "Category": "Design",
        "PropertyName": "LoadingSpinner",
        "RuleProviderType": "Unknown"
      },
      {
        "Category": "Design",
        "PropertyName": "LoadingSpinnerColor",
        "RuleProviderType": "Unknown"
      }
    ],
    "StyleName": "defaultScreenStyle",
    "Type": "ControlInfo"
  }
}