{
  "ClientBuildDetails": {
    "CommitHash": "8ae1820b0cf22462729a7d03fa6e631c1d99f434",
    "IsLocalBuild": false
  },
  "ClientPerFileChecksums": {
    "AppCheckerResult.sarif": "C6_4tP0MYGfYZeuPBa5Fu4UOXhr3j3Z70DaF1QkuhMREYY=",
    "Components\\3.json": "C6_73mq81yoeR8FN0jFKm2lMW1PUaa0EL9FYIas1bT6K0E=",
    "ComponentsMetadata.json": "C6_U4EfR/M4gmzX1NgX3s3/i8SEgbGdBzP0+f3IQpmNf9w=",
    "Controls\\1.json": "C6_DxuHHiPeyyuFhYCYipObPGR/XuUWE04niIJno/Jsb9k=",
    "Controls\\25.json": "C6_FJX6HvbCffibTtZ4Hvikuqh0a2DyHjqRjJ9equ2gy/k=",
    "Header.json": "C6_IYrGdSY03VrY6uRFliBNU7GTKWW6KrOzNQVX7l1k4/s=",
    "Properties.json": "C6_MgxR3G1x95PtZtPtoa7e3M2WarkKde+z/alumBdtFwA=",
    "References\\DataSources.json": "C6_c7t04OR4iUvljbeVJ7g6P0agUZbBK3VC+xko+KlAc1A=",
    "References\\Resources.json": "C6_o8YVeUoBOQZMN+H7s7E9s1TDtWtrOeuiBA3wJXAjo2Y=",
    "References\\Templates.json": "C6_6KFBkaw5eXr5hF5x/2IopdrSRfNNxGMrREhGlmhFkP8=",
    "References\\Themes.json": "C6_/D6wo750c7Vhk5N9Lrx5D/Hxu82RFBeUpooPHRzhyzs=",
    "Resources\\PublishInfo.json": "C6_IZ6fEtMKTUPMYQjHjs1D/zv2xvoRgM+frPjgCWDU/S0=",
    "Resources\\xxjeuc5f.jpg": "C6_M8dy/f8TvTolekP7IZkshn1ttRdETDAsNFJb9AAM1Ts="
  },
  "ClientStampedChecksum": "C6_asPJ+vrt+enrDyPBXfOPCwUZ7WATWJfFnioVwxQhxaM=",
  "ServerPerFileChecksums": {
    "AppCheckerResult.sarif": "C6_4tP0MYGfYZeuPBa5Fu4UOXhr3j3Z70DaF1QkuhMREYY=",
    "Components\\3.json": "C6_73mq81yoeR8FN0jFKm2lMW1PUaa0EL9FYIas1bT6K0E=",
    "ComponentsMetadata.json": "C6_U4EfR/M4gmzX1NgX3s3/i8SEgbGdBzP0+f3IQpmNf9w=",
    "Controls\\1.json": "C6_DxuHHiPeyyuFhYCYipObPGR/XuUWE04niIJno/Jsb9k=",
    "Controls\\25.json": "C6_FJX6HvbCffibTtZ4Hvikuqh0a2DyHjqRjJ9equ2gy/k=",
    "Header.json": "C6_IYrGdSY03VrY6uRFliBNU7GTKWW6KrOzNQVX7l1k4/s=",
    "Properties.json": "C6_MgxR3G1x95PtZtPtoa7e3M2WarkKde+z/alumBdtFwA=",
    "References\\DataSources.json": "C6_c7t04OR4iUvljbeVJ7g6P0agUZbBK3VC+xko+KlAc1A=",
    "References\\Resources.json": "C6_o8YVeUoBOQZMN+H7s7E9s1TDtWtrOeuiBA3wJXAjo2Y=",
    "References\\Templates.json": "C6_6KFBkaw5eXr5hF5x/2IopdrSRfNNxGMrREhGlmhFkP8=",
    "References\\Themes.json": "C6_/D6wo750c7Vhk5N9Lrx5D/Hxu82RFBeUpooPHRzhyzs=",
    "Resources\\PublishInfo.json": "C6_IZ6fEtMKTUPMYQjHjs1D/zv2xvoRgM+frPjgCWDU/S0=",
    "Resources\\xxjeuc5f.jpg": "C6_M8dy/f8TvTolekP7IZkshn1ttRdETDAsNFJb9AAM1Ts="
  },
  "ServerStampedChecksum": "C6_asPJ+vrt+enrDyPBXfOPCwUZ7WATWJfFnioVwxQhxaM="
}