{
  "ComponentIndexes": {
    "CalendarComponent": 1,
    "CalendarComponent_3": 2
  },
  "ControlUniqueIds": {
    "App": 1,
    "btnDayBack": 15,
    "btnDayValue": 16,
    "btnNextMonth_1": 7,
    "btnPrevMonth_1": 5,
    "btnToday_1": 6,
    "CalendarComponent": 3,
    "CalendarComponent_3": 26,
    "galCalendar_1": 12,
    "galCalItems": 20,
    "galleryTemplate1": 21,
    "galleryTemplate3_3": 13,
    "galleryTemplate4_5": 10,
    "galWeekdays_1": 9,
    "icnEvent": 18,
    "icnToday": 17,
    "iconClose": 8,
    "lblEventName": 23,
    "lblEventTime": 24,
    "lblMonthYear_1": 4,
    "lblWeekday_2": 11,
    "Rectangle1": 22,
    "Rectangle2": 14,
    "Screen1": 25,
    "tmrInitialize_2": 19
  },
  "HeaderLastSavedDateTimeUTC": "05/04/2021 02:48:57",
  "LocalDatabaseReferencesAsEmpty": false,
  "LocalResourceRootPaths": {},
  "OldLogoFileName": "xxjeuc5f.jpg",
  "OrderComponentMetadata": {
    "713e60325d55427c92f8db52235d176b": 0
  },
  "OrderComponentTemplate": {
    "713e60325d55427c92f8db52235d176b": 0
  },
  "OrderDataSource": {
    "CustomGallerySample": 0,
    "DropDownSample": 1,
    "RadioSample": 2
  },
  "OrderGroupControls": {},
  "OrderTemplate": {},
  "OrderXMLTemplate": {
    "button": 2,
    "circle": 5,
    "gallery": 3,
    "icon": 1,
    "label": 0,
    "rectangle": 4,
    "timer": 6
  },
  "PublishOrderIndices": {
    "App": 0,
    "btnDayBack": 12,
    "btnDayValue": 13,
    "btnNextMonth_1": 4,
    "btnPrevMonth_1": 2,
    "btnToday_1": 3,
    "CalendarComponent": 0,
    "CalendarComponent_3": 0,
    "galCalendar_1": 9,
    "galCalItems": 17,
    "galleryTemplate1": 18,
    "galleryTemplate3_3": 10,
    "galleryTemplate4_5": 7,
    "galWeekdays_1": 6,
    "icnEvent": 15,
    "icnToday": 14,
    "iconClose": 5,
    "lblEventName": 20,
    "lblEventTime": 21,
    "lblMonthYear_1": 1,
    "lblWeekday_2": 8,
    "Rectangle1": 19,
    "Rectangle2": 11,
    "Screen1": 0,
    "tmrInitialize_2": 16
  },
  "TemplateVersions": {
    "713e60325d55427c92f8db52235d176b": "637556933370760214"
  },
  "VolatileProperties": {
    "AnalysisLoadTime": 0.32320719999999997,
    "ControlCount": {
      "713e60325d55427c92f8db52235d176b": 2,
      "button": 3,
      "circle": 2,
      "gallery": 3,
      "galleryTemplate": 3,
      "icon": 4,
      "label": 6,
      "rectangle": 2,
      "screen": 1,
      "text": 2,
      "timer": 1
    },
    "DeserializationLoadTime": 4.2189661999999997
  }
}