{
  "ComponentAllowCustomization": true,
  "ComponentChangedSinceFileImport": true,
  "ComponentManifest": {
    "AllowAccessToGlobals": false,
    "AllowCustomization": true,
    "Description": "",
    "Name": "CalendarComponent",
    "TemplateGuid": "713e60325d55427c92f8db52235d176b"
  },
  "ComponentType": "CanvasComponent",
  "CustomGroupControlTemplateName": "",
  "CustomProperties": [
    {
      "Category": 0,
      "DisplayName": "Color",
      "Hidden": false,
      "Name": "Color",
      "PropertyDataTypeKey": "Color",
      "Tooltip": "A custom property",
      "Type": "{\"Version\":\"1.309\",\"Type\":{\"Name\":\"Root\",\"Kind\":\"Color\",\"EnumString\":\"\",\"Type\":[]}}"
    },
    {
      "Category": 0,
      "DisplayName": "Select Range",
      "Hidden": false,
      "Name": "SelectRange",
      "PropertyDataTypeKey": "Boolean",
      "Tooltip": "A custom property",
      "Type": "{\"Version\":\"1.309\",\"Type\":{\"Name\":\"Root\",\"Kind\":\"_MinPrimitive\",\"EnumString\":\"\",\"Type\":[]}}"
    },
    {
      "Category": 0,
      "DisplayName": "Border Radius",
      "Hidden": false,
      "Name": "BorderRadius",
      "PropertyDataTypeKey": "Number",
      "Tooltip": "A custom property",
      "Type": "{\"Version\":\"1.309\",\"Type\":{\"Name\":\"Root\",\"Kind\":\"Number\",\"EnumString\":\"\",\"Type\":[]}}"
    },
    {
      "Category": 0,
      "DisplayName": "Selected Date Color",
      "Hidden": false,
      "Name": "SelectedDateColor",
      "PropertyDataTypeKey": "Color",
      "Tooltip": "A custom property",
      "Type": "{\"Version\":\"1.309\",\"Type\":{\"Name\":\"Root\",\"Kind\":\"Color\",\"EnumString\":\"\",\"Type\":[]}}"
    },
    {
      "Category": 0,
      "DisplayName": "Selected Date Fill",
      "Hidden": false,
      "Name": "SelectedDateFill",
      "PropertyDataTypeKey": "Color",
      "Tooltip": "A custom property",
      "Type": "{\"Version\":\"1.309\",\"Type\":{\"Name\":\"Root\",\"Kind\":\"Color\",\"EnumString\":\"\",\"Type\":[]}}"
    },
    {
      "Category": 0,
      "DisplayName": "Default Start Date",
      "Hidden": false,
      "Name": "DefaultStartDate",
      "PropertyDataTypeKey": "DateTime",
      "Tooltip": "A custom property",
      "Type": "{\"Version\":\"1.309\",\"Type\":{\"Name\":\"Root\",\"Kind\":\"DateTime\",\"EnumString\":\"\",\"Type\":[]}}"
    },
    {
      "Category": 0,
      "DisplayName": "Default End Date",
      "Hidden": false,
      "Name": "DefaultEndDate",
      "PropertyDataTypeKey": "DateTime",
      "Tooltip": "A custom property",
      "Type": "{\"Version\":\"1.309\",\"Type\":{\"Name\":\"Root\",\"Kind\":\"DateTime\",\"EnumString\":\"\",\"Type\":[]}}"
    },
    {
      "Category": 0,
      "DisplayName": "Start Date",
      "Hidden": true,
      "Name": "StartDate",
      "PropertyDataTypeKey": "DateTime",
      "Tooltip": "A custom property",
      "Type": "{\"Version\":\"1.309\",\"Type\":{\"Name\":\"Root\",\"Kind\":\"DateTime\",\"EnumString\":\"\",\"Type\":[]}}"
    },
    {
      "Category": 0,
      "DisplayName": "End Date",
      "Hidden": true,
      "Name": "EndDate",
      "PropertyDataTypeKey": "DateTime",
      "Tooltip": "A custom property",
      "Type": "{\"Version\":\"1.309\",\"Type\":{\"Name\":\"Root\",\"Kind\":\"DateTime\",\"EnumString\":\"\",\"Type\":[]}}"
    },
    {
      "Category": 0,
      "DisplayName": "Show Long Weekday",
      "Hidden": false,
      "Name": "ShowLongWeekday",
      "PropertyDataTypeKey": "Boolean",
      "Tooltip": "A custom property",
      "Type": "{\"Version\":\"1.309\",\"Type\":{\"Name\":\"Root\",\"Kind\":\"_MinPrimitive\",\"EnumString\":\"\",\"Type\":[]}}"
    },
    {
      "Category": 0,
      "DisplayName": "Allow Selection of Weekends",
      "Hidden": false,
      "Name": "AllowSelectionOfWeekends",
      "PropertyDataTypeKey": "Boolean",
      "Tooltip": "A custom property",
      "Type": "{\"Version\":\"1.309\",\"Type\":{\"Name\":\"Root\",\"Kind\":\"_MinPrimitive\",\"EnumString\":\"\",\"Type\":[]}}"
    },
    {
      "Category": 0,
      "DisplayName": "Show Close Icon",
      "Hidden": false,
      "Name": "ShowCloseIcon",
      "PropertyDataTypeKey": "Boolean",
      "Tooltip": "A custom property",
      "Type": "{\"Version\":\"1.309\",\"Type\":{\"Name\":\"Root\",\"Kind\":\"_MinPrimitive\",\"EnumString\":\"\",\"Type\":[]}}"
    },
    {
      "Category": 0,
      "DisplayName": "ShowCalendar",
      "Hidden": true,
      "Name": "ShowCalendar",
      "PropertyDataTypeKey": "Boolean",
      "Tooltip": "A custom property",
      "Type": "{\"Version\":\"1.309\",\"Type\":{\"Name\":\"Root\",\"Kind\":\"_MinPrimitive\",\"EnumString\":\"\",\"Type\":[]}}"
    },
    {
      "Category": 0,
      "DisplayName": "Calendar Items",
      "Hidden": false,
      "Name": "CalendarItems",
      "PropertyDataTypeKey": "Table",
      "Tooltip": "A custom property",
      "Type": "{\"Version\":\"1.309\",\"Type\":{\"Name\":\"Root\",\"Kind\":\"Table\",\"EnumString\":\"\",\"Type\":[{\"Name\":\"Date\",\"Kind\":\"String\",\"EnumString\":\"\",\"Type\":[]},{\"Name\":\"Time\",\"Kind\":\"String\",\"EnumString\":\"\",\"Type\":[]},{\"Name\":\"Title\",\"Kind\":\"String\",\"EnumString\":\"\",\"Type\":[]}]}}"
    },
    {
      "Category": 0,
      "DisplayName": "Show Calendar Events",
      "Hidden": false,
      "Name": "ShowCalendarEvents",
      "PropertyDataTypeKey": "Boolean",
      "Tooltip": "A custom property",
      "Type": "{\"Version\":\"1.309\",\"Type\":{\"Name\":\"Root\",\"Kind\":\"_MinPrimitive\",\"EnumString\":\"\",\"Type\":[]}}"
    }
  ],
  "FirstParty": true,
  "Id": "http://microsoft.com/appmagic/Component",
  "IsComponentLocked": false,
  "IsComponentTemplate": true,
  "IsCustomGroupControlTemplate": false,
  "IsPremiumPcfControl": false,
  "LastModifiedTimestamp": "637556931985146950",
  "Name": "713e60325d55427c92f8db52235d176b",
  "OverridableProperties": {},
  "TemplateOriginalName": "cf73938f2a1c4033928c472dc3006e7e",
  "Version": "637556933072469835"
}