{
  "FormatVersion": "0.20",
  "Header": {
    "DocVersion": "1.309",
    "MinVersionToLoad": "1.309",
    "MSAppStructureVersion": "2.0"
  },
  "Properties": {
    "AppCreationSource": "AppFromScratch",
    "AppDescription": "",
    "AppPreviewFlagsMap": {
      "aibuilderserviceenrollment": true,
      "autocreateenvironmentvariables": false,
      "backfromhostaction": false,
      "behaviorpropertyui": false,
      "blockmovingcontrol": true,
      "classiccontrols": false,
      "componentauthoring": true,
      "datatablev2control": true,
      "delaycontrolrendering": false,
      "delayloadscreens": true,
      "dynamicschema": false,
      "enableaimodelsindatapane": false,
      "enableappembeddingux": false,
      "enablecdsfileandlargeimage": true,
      "enableonstartnavigate": false,
      "enablepcfmoderndatasets": false,
      "enablerowscopeonetonexpand": false,
      "enablerulespanel": false,
      "enablesummerlandgeospatialfeatures": true,
      "enhanceddelegation": true,
      "enhancedgalleryinitialization": true,
      "enhancedgroupcontrol": true,
      "errorhandling": false,
      "externalmessage": false,
      "formuladataprefetch": false,
      "generatedebugpublishedapp": false,
      "improvedmediacapture": false,
      "keeprecentscreensloaded": false,
      "korenderingstack": false,
      "longlivingcache": false,
      "nativecdsexperimental": true,
      "optimizedforteamsmeeting": false,
      "parallelcodegen": false,
      "projectionmapping": true,
      "reactformulabar": false,
      "reliableconcurrent": true,
      "usedisplaynamemetadata": true,
      "useenforcesavedatalimits": true,
      "useexperimentalcdsconnector": true,
      "useexperimentalsqlconnector": true,
      "useguiddatatypes": true,
      "usenonblockingonstartrule": true,
      "webbarcodescanner": false
    },
    "Author": "",
    "ContainsThirdPartyPcfControls": false,
    "DefaultConnectedDataSourceMaxGetRowsCount": 500,
    "DocumentAppType": "DesktopOrTablet",
    "DocumentLayoutHeight": 768,
    "DocumentLayoutLockOrientation": true,
    "DocumentLayoutMaintainAspectRatio": true,
    "DocumentLayoutOrientation": "landscape",
    "DocumentLayoutScaleToFit": true,
    "DocumentLayoutWidth": 1366,
    "DocumentType": "App",
    "EnableInstrumentation": false,
    "ErrorCount": 0,
    "FileID": "e390e5fb-5671-4230-b5f5-5cf75afc7fd1",
    "Id": "373a973c-9b41-4793-b059-d17a1b2f55ce",
    "InstrumentationKey": "",
    "Name": "Calendar+Component.msapp",
    "OriginatingVersion": "1.296"
  },
  "PublishInfo": {
    "AppName": "Calendar Component",
    "BackgroundColor": "rgba(0, 176, 240, 1)",
    "IconColor": "RGBA(255,255,255,1)",
    "IconName": "Edit",
    "LogoFileName": "logo.jpg",
    "PublishDataLocally": false,
    "PublishResourcesLocally": false,
    "PublishTarget": "player",
    "UserLocale": "en-US"
  },
  "ScreenOrder": [
    "Screen1"
  ]
}